trial,model,virtualnode,temperature,constrative coef,gaussian_noise_scale,lr,train_acc,train_loss,val_acc,val_loss,test_acc,macro f1,micro f1minor f1,mad,madgap,micro f1,minor f1
0,Graph Attention Network,UnidirectionalVirtualClassNode(),2.142448775029997,0.0004436453333675,0.001,0.0021274548295378,0.7403097530347426,0.8622923,0.689252916356416,0.631666,0.6795908057590301,0.614805189911393,,0.7464964985847473,0.4941919147968292,0.6760007276045638,0.4619996363637597
1,Graph Attention Network,VirtualClassNode(),5.519905439357297,2.0208298038308785e-05,1e-05,0.0017357810559027,0.787777312683131,0.9462459087371826,0.6018863241499132,0.7264652848243713,0.5876483960596111,0.5199138303173504,,0.8721876740455627,0.6354246735572815,0.5873968508583507,0.36511056483104
2,Graph Attention Network,VirtualClassNode(),3.831774033530145,0.0015255629321547,0.001,0.0041629246674398,0.7967350355797405,0.995690941810608,0.5656490444278978,0.5427536964416504,0.5548118211669614,0.496470299044101,,0.875,0.6049851179122925,0.5532537826913703,0.4027724203965515
3,Graph Attention Network,VirtualClassNode(),4.734420639763989,0.0002597739444017,1e-06,0.0005957999022173,0.9377982419422352,0.2447778284549713,0.3750310250682551,0.2217151075601577,0.3572871937357919,0.3306959423823351,,0.7545484900474548,0.4540240466594696,0.3310479277423395,0.3151462654102683
4,Graph Attention Network,UnidirectionalVirtualClassNode(),0.4529303536165878,0.2064541579643881,0.0,0.0089509234663595,0.0183340309753034,17.911014556884766,0.0287912633407793,46.29265594482422,0.0286688557716595,0.0009514064541335,,7.004525741649559e-06,4.83400344819529e-06,0.0018283233732046,0.0
5,Graph Attention Network,VirtualClassNode(),4.492698133981189,0.0006931945032495,1e-05,0.0008890407952368,0.9303474257011302,0.3021783232688904,0.4192107222635889,0.1972324848175048,0.4006062136903258,0.3728007005025963,,0.7601059079170227,0.4605256617069244,0.3805635155513087,0.333693249218063
6,Graph Attention Network,VirtualClassNode(),5.067261211489606,0.1566369719611335,0.001,0.0008365889719111,0.8796986186688991,0.4845086336135864,0.4308761479275254,0.3671789169311523,0.414498610760293,0.3476903167809868,,0.9928394556045532,0.6586407423019409,0.3780803945634374,0.2373265545309085
7,Graph Attention Network,VirtualClassNode(),5.7665289878743895,0.035573362015454,0.01,0.000719346077591,0.4831310171619924,4.912899971008301,0.4487465872424919,2.935956716537476,0.4271280626420813,0.3484984700271122,,0.9322271347045898,0.6714880466461182,0.4218008755255716,0.256557908855591
8,Graph Attention Network,UnidirectionalVirtualClassNode(),7.326347675483593,0.0029611519734147,0.001,0.0074938426496262,0.0008371703641691,23.69198226928711,0.0464135021097046,23.669681549072266,0.0468552664814347,0.0012788032332006,,-2.3816811278720706e-07,-1.3714895885641454e-10,0.0041943066388254,0.0
9,Graph Attention Network,UnidirectionalVirtualClassNode(),9.997583639475954,0.0124118432405869,0.0001,0.0008031069169481,0.6179154457932189,1.798226237297058,0.6083395383469844,1.499748945236206,0.5972467794897701,0.5246742385733197,,0.7126674056053162,0.5002706050872803,0.5979935028204754,0.3732852038416103
10,Graph Attention Network,UnidirectionalVirtualClassNode(),1.120644758394631,0.9130391827500028,1e-06,0.0019530509959162,0.7862704060276267,-0.0964538305997848,0.6914867212707868,-0.2669454216957092,0.6817378125789341,0.6178581606080031,,0.9668209552764891,0.615530252456665,0.6784642186114609,0.4610501691453194
11,Graph Attention Network,UnidirectionalVirtualClassNode(),0.908916615653033,0.7896527801991821,1e-06,0.0017500415099437,0.7782335705316031,-0.1386908590793609,0.691734921816828,-0.3044012188911438,0.6804748673907552,0.6177190447147286,,0.9801230430603028,0.6318516135215759,0.6783509659557528,0.4539413208524209
12,Graph Attention Network,UnidirectionalVirtualClassNode(),0.1615462554147646,0.7054157206127094,1e-06,0.0015298035599732,0.7153620761825031,-3.2768101692199707,0.6693968726731199,-3.4475302696228027,0.6600151553422582,0.5832342985658325,,0.9677968621253968,0.656840443611145,0.6550051904947022,0.3921527142415574
13,Graph Attention Network,UnidirectionalVirtualClassNode(),1.9266757433966744,0.9016287727853594,1e-06,0.0030061209176183,0.7736291335286731,0.2960573136806488,0.686770910896004,0.1071209162473678,0.6774437989391261,0.6106028964882465,,0.9652934074401855,0.6138180494308472,0.6746178779707926,0.4295512584840649
14,Graph Attention Network,UnidirectionalVirtualClassNode(),1.889608872303168,0.0625088734249915,1e-06,0.0013261282268693,0.8457932189200502,0.420537918806076,0.6877637130801688,0.2464810311794281,0.6848951755493812,0.6257543344472781,,0.9603956341743468,0.5956066250801086,0.6824582594726787,0.4740228448905302
15,Graph Attention Network,UnidirectionalVirtualClassNode(),0.990088607881538,0.6905291365451908,1e-06,0.0026949317238212,0.7584763499372122,0.1603698581457138,0.6765946885083147,0.0448870882391929,0.6679717100277848,0.6005614065537382,,0.9591626524925232,0.6275653839111328,0.664145319137085,0.4229792669708608
16,Graph Attention Network,UnidirectionalVirtualClassNode(),3.094063733709896,0.0232889224603537,0.0001,0.0011117681485484,0.8565089995814148,0.3951641321182251,0.6909903201787044,0.2238487899303436,0.6823692851730235,0.6228485481435574,,0.9338961243629456,0.5618562698364258,0.679949316047271,0.4627403024607057
17,Graph Attention Network,UnidirectionalVirtualClassNode(),2.8853996808538493,0.0112922690474961,0.0001,0.0011182635801594,0.8681456676433654,0.3547814786434173,0.6827997021593447,0.1934338510036468,0.6803485728719374,0.6241699940175536,,0.9349870681762696,0.5519750118255615,0.6785966523029083,0.4900485556616517
18,Graph Attention Network,UnidirectionalVirtualClassNode(),3.1552558254631147,0.0131532121774043,0.0001,0.0011534490766286,0.8714943491000419,0.3462870121002197,0.6837925043435096,0.1983293443918228,0.6769386208638545,0.6219201600056501,,0.9217290878295898,0.5424321889877319,0.6753357876822419,0.4850849736120232
19,Graph Attention Network,UnidirectionalVirtualClassNode(),2.8162560075174823,0.1550383493860531,0.0,0.0005355191523945,0.755881121808288,0.7937943339347839,0.6783320923306031,0.5881112217903137,0.6682242990654206,0.6008585100461875,,0.9762325882911682,0.6430795788764954,0.6647666589913724,0.4411075319267212
20,Graph Attention Network,UnidirectionalVirtualClassNode(),1.2618721649810911,0.0472921681741411,0.01,0.0014368181850406,0.6207618250313939,1.3887124061584473,0.680565897244974,0.9303933382034302,0.6734023743369538,0.6057620175118088,,0.8044341802597046,0.5355514883995056,0.6692934500625697,0.4708994398519792
21,Graph Attention Network,UnidirectionalVirtualClassNode(),1.1173371957665743,0.3209273078759109,0.0001,0.0018258067029129,0.7921305985768103,0.3749723732471466,0.6944651278232812,0.1977132707834243,0.68615812073756,0.6217366665267503,,0.9679684638977052,0.6184146404266357,0.6835723332896161,0.4482505468506321
22,Graph Attention Network,UnidirectionalVirtualClassNode(),0.6119666309021392,0.3268696687244884,0.0001,0.0010753226139494,0.7355378819589786,0.4764197766780853,0.6738644825018615,0.3361697793006897,0.664561758019702,0.5944552949159755,,0.982533872127533,0.6649324893951416,0.6600809506229808,0.4299776292432352
23,Graph Attention Network,UnidirectionalVirtualClassNode(),1.7742204259147032,0.2838620661117479,0.0001,0.0016172819029456,0.7892005023022185,0.5380613207817078,0.6872673119880863,0.3280770778656006,0.67542308663804,0.6071755222968158,,0.9811450839042664,0.6287751197814941,0.6723965394780427,0.4298328865007277
24,Graph Attention Network,UnidirectionalVirtualClassNode(),0.3736125653931736,0.0877502988501495,0.0001,0.0025409868882237,0.8306404353285893,0.2853069603443146,0.6964507321916108,0.1122540906071662,0.687294771406921,0.6276719632469491,,0.9730370044708252,0.5990200638771057,0.6847052985765135,0.4758450447959896
25,Graph Attention Network,UnidirectionalVirtualClassNode(),0.4977929733254962,0.0954982932277677,0.0001,0.0024554367057671,0.8215152783591461,0.3564295172691345,0.689252916356416,0.1898535192012787,0.680727456428391,0.616867205244696,,0.9509022831916808,0.584761917591095,0.6774930438190094,0.4409393752403684
26,Graph Attention Network,UnidirectionalVirtualClassNode(),0.109577133856104,0.3588487420947885,0.0001,0.0032623828971277,0.6678945165341147,-2.0786778926849365,0.652271034996277,-2.1370689868927,0.6360191967668604,0.5643167521156482,,0.9665188789367676,0.6583607196807861,0.6312802408983296,0.4157079524011
27,Graph Attention Network,UnidirectionalVirtualClassNode(),1.346518177787047,0.0766092601038227,1e-05,0.0019590772999642,0.8761825031393888,0.2993165850639343,0.6832961032514272,0.1442966908216476,0.6788330386461228,0.620745222077609,,0.9627127647399902,0.5664396286010742,0.6768447329078289,0.488324479139445
28,Graph Attention Network,UnidirectionalVirtualClassNode(),1.223902909333341,0.3770778459397723,0.01,0.0022242860432214,0.5348681456676434,1.8573871850967407,0.637379002233805,1.1168140172958374,0.6365243748421319,0.565161891733073,,0.8590689897537231,0.5886722803115845,0.6335510812247285,0.4377653404323393
29,Graph Attention Network,UnidirectionalVirtualClassNode(),2.2148060913909,0.1086198122028664,0.0,0.0021692254395533,0.7994139807450816,0.5824515223503113,0.69421692727724,0.4084030985832214,0.6816115180601162,0.6221049677725315,,0.9652053117752076,0.6112841367721558,0.67836087180806,0.4691726667803222
30,Graph Attention Network,UnidirectionalVirtualClassNode(),2.3570329514656305,0.0879870287163312,0.0,0.0036203955986278,0.671326915027208,1.6685805320739746,0.6425912137006702,1.10608971118927,0.6324829502399596,0.5645445772073213,,0.9833294749259948,0.6501764059066772,0.6318799416328986,0.4272039214389516
31,Graph Attention Network,UnidirectionalVirtualClassNode(),2.1667760432701195,0.1600947559778037,0.0,0.0022278505073904,0.8176642946839682,0.5028300881385803,0.6927277240009928,0.3284771144390106,0.684011113917656,0.6246396044349551,,0.9644978046417236,0.6021668314933777,0.6808948527040306,0.4794193775073933
32,Graph Attention Network,UnidirectionalVirtualClassNode(),2.215331571054849,0.1287101079373237,0.0,0.002454331107057,0.7653411469233989,0.7183003425598145,0.6810622983370563,0.5568214058876038,0.6712553675170497,0.6094770169425423,,0.9526045322418212,0.6091139316558838,0.6698504210656343,0.479152550809268
33,Graph Attention Network,UnidirectionalVirtualClassNode(),1.6504912058956096,0.0278883247633173,0.0,0.0022629504599221,0.7532021766429469,0.8787700533866882,0.679324894514768,0.6530895829200745,0.6686031826218742,0.6060336296279664,,0.9610576629638672,0.6239782571792603,0.6663260880013904,0.4513663721304977
34,Graph Attention Network,VirtualClassNode(),2.2669228543472,0.1646272089283774,0.0,0.0017514138208087,0.9471745500209292,0.1471591591835022,0.4197071233556714,0.0485518798232078,0.4127304874968426,0.3639139666391713,,0.9851211309432985,0.646697998046875,0.4030326581559793,0.2730862606881433
35,Graph Attention Network,UnidirectionalVirtualClassNode(),0.641522875412929,0.0536570530460467,0.0,0.0027305069402981,0.8369192130598577,0.3979652225971222,0.6919831223628692,0.2344473153352737,0.6832533468047487,0.6254581581182537,,0.9616031646728516,0.5842820405960083,0.6814260720498854,0.4735656962957194
36,Graph Attention Network,VirtualClassNode(),0.681294791646351,0.0641563905421005,0.0,0.0041551307041145,0.9158643784010048,0.2533747851848602,0.5170017374038223,0.188093215227127,0.5106087395807022,0.4552138667192055,,0.982955515384674,0.6371495723724365,0.5058029472631493,0.3429717028856487
37,Graph Attention Network,UnidirectionalVirtualClassNode(),0.1744854926405281,0.0070332744794961,1e-05,0.0028697378878511,0.8874843030556718,0.2679544985294342,0.6803176966989327,0.110330119729042,0.6750442030815863,0.6168798259828612,,0.974869966506958,0.5551257133483887,0.6733914512310546,0.4745936004076806
38,Graph Attention Network,VirtualClassNode(),0.6572970399269646,0.0395886773058886,0.001,0.0019914927463526,0.8528254499790707,0.5231638550758362,0.533879374534624,0.3699359595775604,0.5251326092447588,0.4613309256916145,,0.9860334396362304,0.6914395689964294,0.5104612480298383,0.3261187215996597
39,Graph Attention Network,UnidirectionalVirtualClassNode(),1.4174664273372777,0.5490942034177023,0.0,0.0033986571792703,0.7647551276684805,0.4414813220500946,0.6865227103499628,0.2333513498306274,0.6751704976004042,0.6148669494298777,,0.965953767299652,0.6087490320205688,0.6732613388700998,0.4692919128019952
40,Graph Attention Network,VirtualClassNode(),1.608180467471282,0.0974416485950856,0.0,0.0052650884625829,0.6916701548765174,1.8889555931091309,0.5179945395879871,1.745386838912964,0.5035362465269008,0.4324843272879411,,0.921834111213684,0.6208494901657104,0.5062845496533682,0.2465401814099475
41,Graph Attention Network,UnidirectionalVirtualClassNode(),0.7477579781641736,0.4649412315953511,0.0,0.0027924353730896,0.6986186688991209,0.610974907875061,0.6569868453710598,0.437713623046875,0.6462490527911089,0.5795819348772676,,0.9747089743614196,0.6422749757766724,0.6428407655247423,0.4285446608645813
42,Graph Attention Network,UnidirectionalVirtualClassNode(),0.9220861399238516,0.2196702294816133,0.0,0.0036682369941557,0.7359564671410632,0.7444819211959839,0.6718788781335319,0.5093587636947632,0.662414751199798,0.5968929698050727,,0.9700062870979308,0.6240758895874023,0.6584741245018655,0.4366709229620495
43,Graph Attention Network,UnidirectionalVirtualClassNode(),1.3288440792966136,0.5271229692178458,0.0,0.002543309369881,0.7620761825031394,0.520380437374115,0.6810622983370563,0.2652941942214966,0.6706238949229604,0.6048996557284364,,0.971313178539276,0.6224702596664429,0.6674824561967231,0.4540075601316323
44,Graph Attention Network,UnidirectionalVirtualClassNode(),0.1837226177058817,0.2381252060220541,1e-06,0.001748191401136,0.7285893679363751,-0.2279586791992187,0.6758500868701911,-0.4530555605888366,0.6662035867643344,0.5999479735688329,,0.989105761051178,0.6563575267791748,0.6639264335830907,0.4376909253790613
45,Graph Attention Network,UnidirectionalVirtualClassNode(),3.70718313269292,0.9418999772968016,0.001,0.0031508084128474,0.7582251988279615,0.5330092310905457,0.6964507321916108,0.3374935090541839,0.6862844152563778,0.6214220800620035,,0.9518211483955384,0.6122099757194519,0.6821627152113634,0.4638220899035946
46,Graph Attention Network,UnidirectionalVirtualClassNode(),3.583940381502176,0.9420725131796416,0.001,0.0031956074165142,0.7357890330682294,0.6765550971031189,0.6882601141722512,0.4408368170261383,0.6768123263450366,0.6112318865503605,,0.9626319408416748,0.6256039142608643,0.6731637658790272,0.4665583388906851
47,Graph Attention Network,UnidirectionalVirtualClassNode(),4.186717863403555,0.2214721471482049,0.001,0.004145079226181,0.7395562997069903,0.8397182822227478,0.6899975179945396,0.622700035572052,0.6789593331649406,0.6169085852913853,,0.9543396830558776,0.6210431456565857,0.6769616282974357,0.4598926053200743
48,Graph Attention Network,VirtualClassNode(),2.552715518352967,0.54933715048596,0.001,0.0029290541098622,0.8154876517371286,0.5698198676109314,0.5857532886572351,0.3173776865005493,0.571482697650922,0.506093389056221,,0.9899896383285522,0.6751546263694763,0.5665602956278124,0.3699189126436911
49,Graph Attention Network,UnidirectionalVirtualClassNode(),1.7610529440873526,0.0526261877976046,0.001,0.0054491788949877,0.7879447467559648,0.5939512252807617,0.6969471332836932,0.3816498517990112,0.6859055316999242,0.6263973371931523,,0.9573864936828612,0.587975025177002,0.6839917338330547,0.4913170133415768
50,Graph Attention Network,UnidirectionalVirtualClassNode(),1.873704371287608,0.021560974976453,0.001,0.0048710096501132,0.8442025952281289,0.4357372224330902,0.6919831223628692,0.2491738945245742,0.6856529426622885,0.6281284243767319,,0.950530469417572,0.5469681620597839,0.6841613828651385,0.4744416295929493
51,Graph Attention Network,UnidirectionalVirtualClassNode(),1.863171610759931,0.0481480649206614,0.001,0.0053981871306672,0.797153620761825,0.5727752447128296,0.6981881360138993,0.3522881269454956,0.6889366001515534,0.6318449371770768,,0.9557592272758484,0.5774850845336914,0.688138771163789,0.4911787050483754
52,Graph Attention Network,UnidirectionalVirtualClassNode(),1.898733565644117,0.0221106091944943,0.001,0.0052797970254223,0.84227710339054,0.4183730483055115,0.6949615289153637,0.2230280637741089,0.6880525385198283,0.6317059673086992,,0.9689314961433412,0.5568746328353882,0.6870807084033209,0.4835496781103341
53,Graph Attention Network,UnidirectionalVirtualClassNode(),1.910170820376217,0.0242970907543112,0.001,0.0053060919038524,0.611301799916283,1.756020188331604,0.6075949367088608,1.3448728322982788,0.6005304369790351,0.5319825299238563,,0.8433773517608643,0.5361442565917969,0.5925875372012941,0.418361611041129
54,Graph Attention Network,UnidirectionalVirtualClassNode(),2.6680416643121125,0.0335079978440823,0.001,0.0053167999078857,0.4367517789870239,4.828955173492432,0.228096301811864,10.745044708251951,0.2277090174286436,0.1442825088301567,,0.4434871971607208,0.2721856236457824,0.2137358556485817,0.0306555767117528
55,Graph Attention Network,UnidirectionalVirtualClassNode(),3.482999786962853,0.0182220461104706,0.001,0.0061826094462899,0.7343658434491419,0.8726223111152649,0.6897493174484984,0.621081531047821,0.67542308663804,0.6156143357491912,,0.9093188643455504,0.5856072902679443,0.674044565921972,0.4830259490686419
56,Graph Attention Network,UnidirectionalVirtualClassNode(),2.63760474221451,0.0066889870349499,0.001,0.0075673032281356,0.4013394725826705,4.617924213409424,0.4271531397369074,3.3802502155303955,0.4198029805506441,0.323942443951095,,0.529876708984375,0.3467989563941955,0.3933767936933285,0.2070365085949501
57,Graph Attention Network,UnidirectionalVirtualClassNode(),1.9250834843105216,0.0425727871162072,0.001,0.0046723451992805,0.6843867727082461,1.1612528562545776,0.6696450732191611,0.8720933198928833,0.6590047991917151,0.5905302156864584,,0.9360862970352172,0.623809814453125,0.6550808991556573,0.4292957252205406
58,Graph Attention Network,UnidirectionalVirtualClassNode(),2.881544428333884,0.0172340508621287,0.001,0.0063573009864096,0.7747174550020929,0.6823225021362305,0.6914867212707868,0.4659812450408935,0.6835059358423844,0.6233334618150962,,0.9354373216629028,0.5746980905532837,0.679938073591612,0.4624848250941385
59,Graph Attention Network,UnidirectionalVirtualClassNode(),3.185924915517705,0.0353883700314596,0.001,0.0045751716498276,0.8281289242360821,0.471310555934906,0.6932241250930752,0.2851403057575226,0.6870421823692852,0.6332885267251407,,0.9686903953552246,0.5739123225212097,0.6859741334171722,0.5020831170608395
60,Graph Attention Network,UnidirectionalVirtualClassNode(),3.180775406626745,0.0370782618024314,0.001,0.0045465410681167,0.7749686061113437,0.6547674536705017,0.6986845371059817,0.4577917456626892,0.6847688810305633,0.6258014474199641,,0.9527333378791808,0.5882319808006287,0.6826790098123726,0.4885112434064998
61,Graph Attention Network,UnidirectionalVirtualClassNode(),3.178993740612306,0.0511033420978613,0.001,0.0044253628108378,0.8360820426956885,0.432013064622879,0.696698932737652,0.2288844734430313,0.6905784288961859,0.6388897115975573,,0.9651697874069214,0.5575993061065674,0.6899283364854435,0.5110399068893725
62,Graph Attention Network,UnidirectionalVirtualClassNode(),3.2453950325187293,0.0534885188902179,0.001,0.004498858120825,0.8115529510255337,0.5137229561805725,0.6986845371059817,0.3178403079509735,0.6908310179338216,0.6383940091562443,,0.9714210033416748,0.5837550163269043,0.6898424137674478,0.5074467300545868
63,Graph Attention Network,UnidirectionalVirtualClassNode(),3.15362473654048,0.0522471941686303,0.001,0.0038328398457523,0.8015069066555044,0.5601345300674438,0.7009183420203524,0.3669798076152801,0.6908310179338216,0.6323551724224904,,0.9594176411628724,0.5791926383972168,0.6887336617482884,0.482578664772913
64,Graph Attention Network,UnidirectionalVirtualClassNode(),4.118599623863733,0.0570518031423018,0.001,0.0038646297616573,0.7970699037254081,0.5796166658401489,0.6969471332836932,0.3698648810386657,0.6866632988128315,0.6248217885581111,,0.9625878930091858,0.5873419046401978,0.6835914311610124,0.4765751928321688
65,Graph Attention Network,UnidirectionalVirtualClassNode(),3.0386026808189124,0.0593587718532095,0.001,0.0059768565582268,0.7500209292591042,0.7885532975196838,0.6949615289153637,0.5596974492073059,0.6819904016165699,0.6207796200855951,,0.9575841426849364,0.6125234365463257,0.6792177465481214,0.491102877208339
66,Graph Attention Network,UnidirectionalVirtualClassNode(),3.3569199126562523,0.0291190462731295,0.001,0.0045488762720645,0.7085809962327334,1.0686496496200562,0.6753536857781087,0.8433055877685547,0.6682242990654206,0.601048210324374,,0.932747721672058,0.6195478439331055,0.6642963364774441,0.436543554439829
67,Graph Attention Network,UnidirectionalVirtualClassNode(),2.5235489804191027,0.0490327353099762,0.001,0.0039031364081803,0.6958560066973629,1.0556552410125732,0.6785802928766443,0.8147932887077332,0.6672139429148775,0.6071382155135753,,0.9370604753494264,0.6245808601379395,0.6656839664091443,0.467222010532158
68,Graph Attention Network,UnidirectionalVirtualClassNode(),3.950501875008296,0.0851715697047239,0.01,0.0058222556009715,0.5826705734616995,1.5837494134902954,0.6569868453710598,1.201270341873169,0.6510482445061885,0.5797714048745934,,0.8390465974807739,0.5612627267837524,0.6459151595531096,0.471785018324125
69,Graph Attention Network,VirtualClassNode(),2.945569787987387,0.1218472021271566,0.001,0.0069185051975025,0.8997907074089577,0.3653518855571747,0.4395631670389675,0.1470146775245666,0.429653953018439,0.3702005909661702,,0.9730096459388732,0.5750522613525391,0.4172024300183458,0.2594415157286726
70,Graph Attention Network,UnidirectionalVirtualClassNode(),3.372114861686776,0.0145146562619216,0.001,0.004342558977778,0.7112599413980745,1.0481791496276855,0.6770910896003971,0.7745252847671509,0.6687294771406921,0.5956416392192081,,0.9081083536148072,0.6020219326019287,0.6640054521817581,0.415985462118655
71,Graph Attention Network,UnidirectionalVirtualClassNode(),2.189697097360173,0.039294268988252,1e-05,0.004965029490929,0.8133110087902888,0.5700278282165527,0.6845371059816332,0.4064547717571258,0.6761808537509472,0.6110081835685338,,0.953949809074402,0.5930545330047607,0.6741031251894668,0.4456761654558355
72,Graph Attention Network,UnidirectionalVirtualClassNode(),2.379602176085035,0.1171540136838162,0.001,0.0056278468524793,0.7810799497697781,0.6241278052330017,0.7034003474807644,0.4104832708835602,0.6915887850467289,0.6357427882918621,,0.9741488695144652,0.5993128418922424,0.6901616490059108,0.5179435339598679
73,Graph Attention Network,UnidirectionalVirtualClassNode(),2.504366608632008,0.0777113739759522,0.001,0.00427016822342,0.8198409376308079,0.4763715863227844,0.6971953338297344,0.2894119024276733,0.6908310179338216,0.6343565825706615,,0.9549938440322876,0.5635626316070557,0.6880438291929485,0.497805100904997
74,Graph Attention Network,UnidirectionalVirtualClassNode(),2.4950517297299672,0.0744737454739636,0.001,0.0042437647521632,0.8059439095856007,0.5265976190567017,0.7001737403822288,0.3387776613235473,0.694746148017176,0.6374625692483477,,0.9695757627487184,0.586166262626648,0.6934895827219926,0.4801314721905456
75,Graph Attention Network,UnidirectionalVirtualClassNode(),2.480680518283193,0.1342420334949027,0.001,0.0043481987835236,0.8223524487233151,0.4411632418632507,0.702903946388682,0.2540798783302307,0.6939883809042687,0.6389561446746163,,0.9607327580451964,0.5694981813430786,0.6922696227548079,0.4991155604857464
76,Graph Attention Network,UnidirectionalVirtualClassNode(),2.400509255283612,0.1481482589041311,0.001,0.0041553082851935,0.8021766429468397,0.5166923999786377,0.7043931496649293,0.3085596561431885,0.6927254357160899,0.6319725054305115,,0.9555649757385254,0.5777709484100342,0.6902355193053272,0.4763185958560274
77,Graph Attention Network,UnidirectionalVirtualClassNode(),2.671993494173845,0.1568289280571683,0.001,0.0035151055364315,0.7757220594390959,0.6311736106872559,0.6976917349218168,0.4374853074550628,0.6900732508209144,0.6329212840827142,,0.9650890827178956,0.603417158126831,0.6884942113392996,0.5001323085144244
78,Graph Attention Network,UnidirectionalVirtualClassNode(),2.3210858564514285,0.1312814753010162,0.01,0.003946380308291,0.5320217664294684,1.8266522884368896,0.6341523951352693,1.3388022184371948,0.6278100530436979,0.5476350972492119,,0.7899875640869141,0.5301259756088257,0.6216995179161503,0.3803439078043698
79,Graph Attention Network,UnidirectionalVirtualClassNode(),2.88838425454004,0.1862732309343597,0.001,0.003650081327905,0.8134784428631227,0.484465479850769,0.7014147431124349,0.2628293037414551,0.6965142712806264,0.6416783811899247,,0.953612506389618,0.5681726932525635,0.6946129151250371,0.4993568541542956
80,Graph Attention Network,UnidirectionalVirtualClassNode(),3.843066248443781,0.1876444828422691,0.001,0.0036687241988784,0.7702804520719967,0.5415184497833252,0.6959543310995284,0.4293260872364044,0.6860318262187421,0.6240551468181389,,0.9550034999847412,0.5856962203979492,0.6826645143568841,0.4677581288876574
81,Graph Attention Network,UnidirectionalVirtualClassNode(),3.0171531312159146,0.112221710582655,0.001,0.0048783265287684,0.834658853076601,0.4214476644992828,0.68801191362621,0.2554262280464172,0.6841374084364739,0.6241686491166358,,0.9579049944877625,0.5555320978164673,0.6822783549335499,0.444996090843166
82,Graph Attention Network,UnidirectionalVirtualClassNode(),2.8630813767582923,0.2494476222756791,0.001,0.0041573673961534,0.7742151527835914,0.6071484088897705,0.6989327376520228,0.3949855864048004,0.6904521343773681,0.6306282803311235,,0.9527154564857484,0.5887279510498047,0.6880993540531516,0.481697113526625
83,Graph Attention Network,UnidirectionalVirtualClassNode(),2.451143384837322,0.0637494246599802,0.001,0.0034324530869749,0.8230221850146505,0.4563486576080322,0.6962025316455697,0.2597521543502807,0.6918413740843647,0.6397655844081542,,0.9667526483535768,0.5686537027359009,0.6905130196432009,0.5200753281895639
84,Graph Attention Network,UnidirectionalVirtualClassNode(),2.054764360588752,0.312954037620454,0.001,0.0039565889347484,0.780326496442026,0.5284431576728821,0.6981881360138993,0.3349287509918213,0.6848951755493812,0.623169588401875,,0.962853729724884,0.6021755933761597,0.6816706927068689,0.4629983486109829
85,Graph Attention Network,UnidirectionalVirtualClassNode(),1.5844321692437875,0.077006870661075,1e-05,0.0049320431306547,0.8968606111343659,0.2370353192090988,0.6820551005212211,0.0983948484063148,0.6760545592321293,0.6184198086634711,,0.960741639137268,0.5373406410217285,0.6752347300430356,0.4692065202853289
86,Graph Attention Network,VirtualClassNode(),2.7662751873143896,0.1800825942405299,1e-06,0.0043829667005601,0.936207618250314,0.3321795165538788,0.3554231819310002,0.0985806584358215,0.3353119474614802,0.2958365063006594,,0.9714945554733276,0.5007290840148926,0.3203518389719499,0.248575643760838
87,Graph Attention Network,UnidirectionalVirtualClassNode(),3.314177828286815,0.1080953440642773,0.001,0.0031060600650022,0.7840937630807869,0.6340171694755554,0.7001737403822288,0.4531938433647156,0.6881788330386461,0.6300269345106658,,0.9465243220329284,0.5959230065345764,0.6859319759061975,0.4802585508813575
88,Graph Attention Network,UnidirectionalVirtualClassNode(),3.655266982260927,0.1263857045306704,0.001,0.0030494214635457,0.7848472164085392,0.5955044627189636,0.6999255398361877,0.3940261900424957,0.6904521343773681,0.6354122619697289,,0.960982859134674,0.5989591479301453,0.6888658653309176,0.5002434192314648
89,Graph Attention Network,UnidirectionalVirtualClassNode(),3.390649452391969,0.127748586194506,0.001,0.0033105528439016,0.798158225198828,0.5438397526741028,0.6996773392901464,0.3586111068725586,0.6924728466784541,0.6381693487753222,,0.9539077281951904,0.5843504667282104,0.6908935020332356,0.508080519751657
90,Graph Attention Network,UnidirectionalVirtualClassNode(),3.715149151136649,0.1352991244984006,0.001,0.0034301831426515,0.8160736709920469,0.4875770211219787,0.7011665425663937,0.2975293695926666,0.6941146754230867,0.6357761738999137,,0.9609230160713196,0.5760287046432495,0.6916624049360819,0.4840433850986338
91,Graph Attention Network,UnidirectionalVirtualClassNode(),3.623711282741728,0.1469719439983774,0.001,0.0032708897016199,0.830054416073671,0.4308098256587982,0.6959543310995284,0.2617051601409912,0.6905784288961859,0.637389020226115,,0.9627599716186525,0.5732384324073792,0.6890945347981041,0.504206067559948
92,Graph Attention Network,UnidirectionalVirtualClassNode(),3.60159369153406,0.187780635930983,0.001,0.0037048632997711,0.8218501465048137,0.4622603952884674,0.6984363365599404,0.2497623115777969,0.6942409699419045,0.6406206536110736,,0.9602534174919128,0.5700498819351196,0.6922992742020015,0.5031251415499585
93,Graph Attention Network,UnidirectionalVirtualClassNode(),4.4308308310885245,0.212374613938187,0.001,0.0036311109047196,0.7920468815403935,0.5616673231124878,0.6986845371059817,0.3656305372714996,0.6904521343773681,0.6378517822090415,,0.9592633247375488,0.5852906107902527,0.6887468699431364,0.5030773951888635
94,Graph Attention Network,UnidirectionalVirtualClassNode(),4.49149307670511,0.3760032468730371,0.001,0.0030321504602624,0.8031812473838427,0.4907335042953491,0.7031521469347233,0.2767638564109802,0.6933569083101794,0.6332635695292691,,0.9701207876205444,0.5892086029052734,0.691642810605979,0.4614513631123424
95,Graph Attention Network,UnidirectionalVirtualClassNode(),4.623554773671918,0.3984217895750286,0.001,0.002907424771308,0.810380912515697,0.4685632288455963,0.7011665425663937,0.2917824685573578,0.6941146754230867,0.6322906530748935,,0.961847722530365,0.5889355540275574,0.6913449298008234,0.4786925817446125
96,Graph Attention Network,UnidirectionalVirtualClassNode(),4.408060226992,0.3082507630001384,0.001,0.0033344788596747,0.8128924236082042,0.4530785381793976,0.6989327376520228,0.2700212299823761,0.6948724425359939,0.6389893616321928,,0.9666166305541992,0.5842841863632202,0.6932684401638192,0.5161740469178886
97,Graph Attention Network,UnidirectionalVirtualClassNode(),3.796019550525323,0.2571236241641709,0.001,0.0030531128104098,0.7937212222687317,0.5352574586868286,0.6994291387441053,0.3411949574947357,0.6929780247537257,0.632492660757228,,0.9530168175697328,0.5899016261100769,0.6898066293148352,0.4702067028425603
98,Graph Attention Network,VirtualClassNode(),5.099282060658874,0.4334410831911178,0.01,0.0035656133300154,0.0402678945165341,4.334373950958252,0.0325142715313973,10.022712707519531,0.0328365748926496,0.0009091385911848,,0.0002018059167312,0.0001299586729146,0.0020897098206067,0.0
99,Graph Attention Network,UnidirectionalVirtualClassNode(),4.047693174765182,0.6848380986282215,1e-06,0.002651808889976727,0.7680200920887401,0.015300367027521133,0.6808140977910151,0.34270820021629333,0.671002778479414,0.601968358882394,,0.9868068695068359,0.6052109003067017,0.666958304967706,0.419911067951228
